,gain
games_since_last_app,468391.95876550674
days_since_last_app,102700.67838454247
avail_rate_10,92443.18022108078
roll3_MIN,73464.44634771347
TEAM_REST_DAYS,11398.717126846313
uncond_std_MIN,11202.32916688919
avail_rate_std,10784.435375213623
team_games_remaining,8784.0195581913
exp_depth_rank,8152.878253936768
uncond_std_PTS,7314.292737007141
std_MIN,6800.892390727997
roll5_MIN,6533.235356807709
games_with_current_team,6342.1084661483765
avail_rate_20,5650.566143035889
OPP_DEF_FORM,5166.171947002411
pre_min_share,5107.249263763428
exp_vacated_usg,5000.148890018463
team_win_pct,4399.5432908535
pre_min_mean,4245.143061161041
ewma_MIN,3794.7597160339355
team_games_over_500,3663.3685386180878
teammate_magnitude_ess,3260.925754070282
plus_minus_ewma_10,3168.766622543335
exp_depth_rank_pos,3130.70046710968
minutes_share,3058.6540076732635
roll3_PTS,2991.3422112464905
n_appearances,2966.115268945694
p_star_out,2954.680950641632
exp_top3_usage_out,2874.369752407074
exp_vacated_starts,2827.9844563007355
uncond_std_AST,2740.5652134418488
team_starters_out_exp,2724.7563383579254
exp_vacated_minutes_pos,2663.3093106746674
exp_vacated_fga,2648.7395071983337
stakes_x_minutes_share,2579.0695929527283
dreb_share_ewma,2423.698429584503
usg_ewma,2321.6450004577637
pf_per36_ewma,2176.7187490463257
stakes_late_x_over500,2090.3294129371643
season_appearances,2065.1020908355713
exp_vacated_minutes,1967.141273021698
std_PTS,1868.4326362609863
oreb_share_ewma,1826.8973932266235
stakes_x_veteran,1739.7291436195374
std_AST,1734.1291706562042
std_FGA,1721.0757031440735
starts_streak,1706.8355586528778
roll10_MIN,1616.3942379951477
roll10_PTS,1442.766984462738
roll5_PTS,1284.3995406627655
pre_role_delta_min,1254.177927017212
ewma_AST,1237.1917734146118
roll10_AST,1022.7589392662048
roll3_FGA,1011.210696220398
ewma_PTS,1006.9212985038757
roll10_FGA,959.3596034049988
ewma_FGA,890.5338430404663
started_rate_10,863.4710817337036
roll5_FGA,826.4650712013245
OPP_REST_DAYS,814.0983819961548
IS_B2B,778.3853802680969
roll3_AST,774.3512806892395
roll5_AST,688.375691652298
IS_HOME,540.5692281723022
pre_started_rate,494.77389574050903
pre_dressed_for_current_team,443.2393579483032
started_last,192.13401222229004
is_rookie,164.5636692047119
magnitude_ess,119.23149967193604
is_traded,49.1773099899292
pre_games_played,26.74848985671997
insufficient_history,0.0
has_history,0.0
